<?xml version="1.0" encoding="utf-8"?>
<extension type="component" version="2.5" method="upgrade">
    <name>com_dtax</name>
    <creationDate>May 2016</creationDate>
    <copyright>Copyright (C) 2016 METIK Marketing, LLC. All rights reserved.</copyright>
    <license>GNU General Public License version 2 or later; see LICENSE.txt</license>
    <author>Freddy Flores</author>
    <authorEmail>fflores@metikmarketing.com</authorEmail>
    <authorUrl>https://www.metikmarketing.com</authorUrl>
    <version>1.0.0</version>
    <description>View and control the DTax Application Manager</description>

    <install> <!-- Runs on install -->
        <sql>
            <file driver="mysql" charset="utf8">sql/install.mysql.utf8.sql</file>
        </sql>
    </install>
    <uninstall> <!-- Runs on uninstall -->
        <sql>
            <file driver="mysql" charset="utf8">sql/uninstall.mysql.utf8.sql</file>
        </sql>
    </uninstall>
    <files folder="site">
		<filename>router.php</filename>
		<filename>controller.php</filename>
		<filename>index.html</filename>
		<filename>dtax.php</filename>
		<folder>controllers</folder>
		<folder>assets</folder>
		<folder>helpers</folder>
		<folder>models</folder>
		<folder>views</folder>
    </files>
  
    <administration>
        <menu>COM_DTAX</menu>
        <submenu>
            <menu link="option=com_dtax&amp;view=companys" view="companys"  alt="DTax/companys">COM_DTAX_TITLE_COMPANY</menu>
            <menu link="option=com_dtax&amp;view=employees" view="employees"  alt="DTax/employees">COM_DTAX_TITLE_EMPLOYEES</menu>
            <menu link="option=com_dtax&amp;view=taxreturns" view="taxreturns" alt="DTax/taxreturns">COM_DTAX_TITLE_TAXRETURNS</menu>
			<menu link="option=com_dtax&amp;view=emails" view="emails" alt="DTax/emails">COM_DTAX_TITLE_EMAIL</menu>
            <menu link="option=com_dtax&amp;view=menus" view="menus" alt="DTax/menus">COM_DTAX_TITLE_MENUS</menu>
            <menu link="option=com_dtax&amp;view=configs" view="configs" alt="DTax/configs">COM_DTAX_TITLE_CONFIG</menu>
            
        </submenu>
        <files folder="administrator">
            <filename>access.xml</filename>
            <filename>config.xml</filename>
            <filename>controller.php</filename>
            <filename>index.html</filename>
            <filename>dtax.php</filename>
            <folder>controllers</folder>
            <folder>assets</folder>
            <folder>helpers</folder>
            <folder>models</folder>
            <folder>sql</folder>
            <folder>tables</folder>
            <folder>views</folder>
        </files>
        <languages folder="languages/administrator">
			<language tag="en-GB">en-GB/en-GB.com_dtax.ini</language>
			<language tag="en-GB">en-GB/en-GB.com_dtax.sys.ini</language>
        </languages>
    </administration>
</extension>
<!-- Component built by the Joomla Component Creator -->
<!-- http://www.component-creator.com/ -->
